Original Text,Redacted Text
"John Smith, 123 Main St, Springfield, IL","[REDACTED], [REDACTED], Springfield, IL"
"Please contact me at john.doe@example.com or 555-123-4567.","Please contact me at [REDACTED] or [REDACTED]."
"My Social Security Number is 123-45-6789.","My Social Security Number is [REDACTED]."
"Bank account: 987654321, Routing number: 123456789","Bank account: [REDACTED], Routing number: [REDACTED]"
"Alice's date of birth is 05/12/1985.","Alice's date of birth is [REDACTED]."
"Employee ID: E12345, Department: HR","Employee ID: [REDACTED], Department: HR"
"Passport number: X1234567","Passport number: [REDACTED]"
"Our office address is 456 Oak St, Metropolis, NY.","Our office address is [REDACTED], Metropolis, NY."
"My health insurance number is ABC123456.","My health insurance number is [REDACTED]."
"Contact emergency services at 911.","Contact emergency services at 911."
"James and his wife, Sarah, live at 789 Pine St.","James and his wife, [REDACTED], live at [REDACTED]."
"The PIN for my account is 4321.","The PIN for my account is [REDACTED]."
"Photo ID: Driver's License #D987654","Photo ID: Driver's License #[REDACTED]"
"We stayed at the Grand Hotel, room 202.","We stayed at the Grand Hotel, room 202."
"Username: johndoe, Password: securepassword123","Username: johndoe, Password: [REDACTED]"
"Jane Doe's email is jane.doe@company.com.","Jane Doe's email is [REDACTED]."
"Our meeting will be held at 555 Elm Street on July 15th.","Our meeting will be held at [REDACTED] on July 15th."
"Please remit payment to account number 112233445566.","Please remit payment to account number [REDACTED]."
"The project code is XYZ-12345 and it’s critical for our Q3 goals.","The project code is [REDACTED] and it’s critical for our Q3 goals."
"Contact Dr. Smith at the clinic, 1234 Health Ave.","Contact Dr. Smith at the clinic, [REDACTED]."
"Membership ID: M987654321, Valid through: 12/2023","Membership ID: [REDACTED], Valid through: 12/2023"
"My father’s name is Robert Johnson.","My father’s name is [REDACTED]."
"The parcel ID for my property is 98765432.","The parcel ID for my property is [REDACTED]."
"I will be on vacation from 08/01/2024 to 08/15/2024.","I will be on vacation from [REDACTED] to [REDACTED]."
"The invoice number is INV-2024-00123.","The invoice number is [REDACTED]."
"Emergency contact: Maria, 555-987-6543.","Emergency contact: Maria, [REDACTED]."
"Password reset link: https://reset.company.com?token=abc123","Password reset link: [REDACTED]"
"The conference ID is CONF2024-3456.","The conference ID is [REDACTED]."
"For security reasons, use the code 7890 at the entrance.","For security reasons, use the code [REDACTED] at the entrance."
"John and Alice were married on 06/14/2010.","John and Alice were married on [REDACTED]."
"Please review the attached file for the student ID list.","Please review the attached file for the student ID list."
"Our server IP address is 192.168.1.1.","Our server IP address is [REDACTED]."
"The shipment will arrive on tracking number 1Z9999999999999999.","The shipment will arrive on tracking number [REDACTED]."
"Alice’s medical record number is MR123456.","Alice’s medical record number is [REDACTED]."
"Your confirmation number for the booking is ABC123DEF.","Your confirmation number for the booking is [REDACTED]."
"Jane’s LinkedIn profile: linkedin.com/in/janedoe","Jane’s LinkedIn profile: [REDACTED]"
"SSN: 123-45-6789, Full Name: John Smith","SSN: [REDACTED], Full Name: John Smith"
"The loan number for your mortgage is 54321.","The loan number for your mortgage is [REDACTED]."
"Reference number: 987654","Reference number: [REDACTED]"
"The warranty ID is WTY2024-5678.","The warranty ID is [REDACTED]."
"Client’s feedback: “Excellent service!”","Client’s feedback: “Excellent service!”"
"For access, use the token ABC123DEF456.","For access, use the token [REDACTED]."
"The product key is XXXX-YYYY-ZZZZ-AAAA.","The product key is [REDACTED]."
"Your account balance as of 06/20/2024 is $1,234.56.","Your account balance as of 06/20/2024 is $1,234.56."
"John’s flight number is DL1234.","John’s flight number is [REDACTED]."
"License plate: ABC-1234, Vehicle make: Toyota","License plate: [REDACTED], Vehicle make: Toyota"
"Office phone number: 555-432-9876","Office phone number: [REDACTED]"
"Property deed ID: PD123456789","Property deed ID: [REDACTED]"
"The guest list includes: Sarah, Robert, Emily.","The guest list includes: Sarah, Robert, Emily."
"PIN: 8765, Account: 4321","PIN: [REDACTED], Account: [REDACTED]"
"The library card number is 9876543210.","The library card number is [REDACTED]."
"Please join the Zoom meeting with ID: 123-456-7890.","Please join the Zoom meeting with ID: [REDACTED]."
"User feedback form submitted by user1234.","User feedback form submitted by [REDACTED]."
"The tracking ID for your shipment is 987654321.","The tracking ID for your shipment is [REDACTED]."
"Doctor’s appointment scheduled for 09/15/2024.","Doctor’s appointment scheduled for [REDACTED]."
"Insurance claim number: IC123456","Insurance claim number: [REDACTED]"
"The serial number of the device is SN1234567890.","The serial number of the device is [REDACTED]."
"The hotel reservation is under confirmation number ABCDEF123456.","The hotel reservation is under confirmation number [REDACTED]."
"Contact number for support: 1-800-555-1234","Contact number for support: [REDACTED]"
"The meeting will start at 2:00 PM PST.","The meeting will start at 2:00 PM PST."
"Warranty registration number: WTY-987654","Warranty registration number: [REDACTED]"
"The IT department’s contact email is it_support@company.com.","The IT department’s contact email is [REDACTED]."
"Financial report for Q2, prepared by John Doe.","Financial report for Q2, prepared by John Doe."
"Software license key: ABCD-EFGH-IJKL-MNOP","Software license key: [REDACTED]."
"My passport expires on 12/31/2024.","My passport expires on [REDACTED]."
"The student’s GPA is 3.85.","The student’s GPA is 3.85."
"Please verify your identity with the code sent to your phone.","Please verify your identity with the code sent to your phone."
"The prescription number is RX9876543210.","The prescription number is [REDACTED]."
"The company’s EIN is 12-3456789.","The company’s EIN is [REDACTED]."
"My bank account balance is $5,678.90 as of 06/20/2024.","My bank account balance is $5,678.90 as of 06/20/2024."
"The user’s IP address is 203.0.113.1.","The user’s IP address is [REDACTED]."
"School registration ID: 54321","School registration ID: [REDACTED]"
"The confirmation number for your order is ABCDEFGH1234.","The confirmation number for your order is [REDACTED]."
"John’s medical insurance policy is HP123456.","John’s medical insurance policy is [REDACTED]."
"The tax filing number is TF987654321.","The tax filing number is [REDACTED]."
"Please send the documents to our office at 123 Corporate Blvd.","Please send the documents to our office at [REDACTED]."
"The webinar link is https://webinar.company.com?id=123456","The webinar link is [REDACTED]."
"Dear Mr. John Smith, Your loan application for 123 Main St, Springfield, IL has been approved. The loan number 54321 is valid till 12/2024. Please contact us at john.doe@example.com or 555-123-4567 for further details.","Dear Mr. [REDACTED], Your loan application for [REDACTED], Springfield, IL has been approved. The loan number [REDACTED] is valid till 12/2024. Please contact us at [REDACTED] or [REDACTED] for further details."
"Hello team, our next meeting will be held at 555 Elm Street on July 15th. Bring the reports. By the way, my social security number is 123-45-6789 and my bank account number is 987654321.","Hello team, our next meeting will be held at [REDACTED] on July 15th. Bring the reports. By the way, my social security number is [REDACTED] and my bank account number is [REDACTED]."
"To whom it may concern, Please remit payment to account number 112233445566 for the invoice INV-2024-00123. Also, Alice's date of birth is 05/12/1985.","To whom it may concern, Please remit payment to account number [REDACTED] for the invoice [REDACTED]. Also, Alice's date of birth is [REDACTED]."
"Dear Dr. Smith, please see the attached medical record for patient MR123456. The health insurance number is ABC123456. Additionally, contact me at jane.doe@company.com.","Dear Dr. Smith, please see the attached medical record for patient [REDACTED]. The health insurance number is [REDACTED]. Additionally, contact me at [REDACTED]."
"Hi Bob, the project code XYZ-12345 must be reviewed before Q3. For security reasons, use code 7890. P.S. my father’s name is Robert Johnson and his email is robert.johnson@example.com.","Hi Bob, the project code [REDACTED] must be reviewed before Q3. For security reasons, use code [REDACTED]. P.S. my father’s name is [REDACTED] and his email is [REDACTED]."
"Our server IP address is 192.168.1.1 and the shipment will arrive on tracking number 1Z9999999999999999. Please update the inventory. Regards, John Doe, johndoe@example.com.","Our server IP address is [REDACTED] and the shipment will arrive on tracking number [REDACTED]. Please update the inventory. Regards, [REDACTED], [REDACTED]."
"Hi Sarah, can you please confirm the bank account details for the transfer? My account number is 112233445566, and the routing number is 123456789. Thanks, John.","Hi Sarah, can you please confirm the bank account details for the transfer? My account number is [REDACTED], and the routing number is [REDACTED]. Thanks, John."
"Please find the attached lease agreement for 456 Oak St, Metropolis, NY. The tenant, John Smith (SSN: 123-45-6789), will move in on 08/01/2024.","Please find the attached lease agreement for [REDACTED], Metropolis, NY. The tenant, [REDACTED] (SSN: [REDACTED]), will move in on 08/01/2024."
"Hi team, our new member Alice (alice.doe@company.com) will join us from next week. Her employee ID is E12345, and her office address is 1234 Health Ave.","Hi team, our new member Alice ([REDACTED]) will join us from next week. Her employee ID is [REDACTED], and her office address is [REDACTED]."
"Hi Dr. White, the patient's insurance claim number IC123456 needs processing. Also, here is the emergency contact: Maria, 555-987-6543.","Hi Dr. White, the patient's insurance claim number [REDACTED] needs processing. Also, here is the emergency contact: Maria, [REDACTED]."
"Hi John, please ensure the warranty ID WTY2024-5678 is registered before the end of the month. And don’t forget, my passport number is X1234567.","Hi John, please ensure the warranty ID [REDACTED] is registered before the end of the month. And don’t forget, my passport number is [REDACTED]."
"Dear customer, your order confirmation number is ABC123DEF. Please track the shipment with 1Z9999999999999999. For any queries, contact us at support@company.com.","Dear customer, your order confirmation number is [REDACTED]. Please track the shipment with [REDACTED]. For any queries, contact us at [REDACTED]."
"Hi team, the project deadline is 07/01/2024. Remember, the server IP address is 203.0.113.1 and our office number is 1-800-555-1234.","Hi team, the project deadline is 07/01/2024. Remember, the server IP address is [REDACTED] and our office number is [REDACTED]."
"Hello, the PIN for my account is 4321. Additionally, my vehicle registration number is ABC-1234.","Hello, the PIN for my account is [REDACTED]. Additionally, my vehicle registration number is [REDACTED]."
"Dear Sir/Madam, please see the attached files for the purchase history and invoice INV-2024-00123. The customer's email is john.doe@example.com.","Dear Sir/Madam, please see the attached files for the purchase history and invoice [REDACTED]. The customer's email is [REDACTED]."
"Hi team, please review the financial report for Q2, prepared by John Doe (john.doe@company.com).","Hi team, please review the financial report for Q2, prepared by [REDACTED]."
"Hi Bob, can you please verify the details of the customer? Name: Jane Doe, email: jane.doe@company.com, and phone: 555-123-4567.","Hi Bob, can you please verify the details of the customer? Name: [REDACTED], email: [REDACTED], and phone: [REDACTED]."
"Hi team, please see the attached minutes from the meeting held at 555 Elm Street. The guest speaker was Dr. John Smith (john.smith@example.com).","Hi team, please see the attached minutes from the meeting held at [REDACTED]. The guest speaker was Dr. [REDACTED] ([REDACTED])."
"Dear Mr. White, your appointment with Dr. Smith at 1234 Health Ave is confirmed. Please bring your health insurance number ABC123456.","Dear Mr. White, your appointment with Dr. Smith at [REDACTED] is confirmed. Please bring your health insurance number [REDACTED]."
"Hello John, the survey responses for the webinar (ID: 123456) have been compiled. Please review them.","Hello John, the survey responses for the webinar (ID: [REDACTED]) have been compiled. Please review them."
"Hi team, the product key for the software is XXXX-YYYY-ZZZZ-AAAA. Ensure it is activated by 09/15/2024.","Hi team, the product key for the software is [REDACTED]. Ensure it is activated by [REDACTED]."
"Hello Alice, your investment account balance as of 06/20/2024 is $5,678.90. Please review the attached statement.","Hello Alice, your investment account balance as of 06/20/2024 is $5,678.90. Please review the attached statement."
"Dear team, the user feedback form submitted by user1234 has been reviewed. Please see the attached file.","Dear team, the user feedback form submitted by [REDACTED] has been reviewed. Please see the attached file."
"Hello, the prescription number RX9876543210 is ready for pick-up. Please bring your ID.","Hello, the prescription number [REDACTED] is ready for pick-up. Please bring your ID."
"Dear Mr. Green, your hotel reservation confirmation number is ABCDEF123456. Enjoy your stay at the Grand Hotel.","Dear Mr. Green, your hotel reservation confirmation number is [REDACTED]. Enjoy your stay at the Grand Hotel."
"Hi Sarah, the tax filing number TF987654321 needs to be submitted by 06/30/2024. Contact the tax advisor if needed.","Hi Sarah, the tax filing number [REDACTED] needs to be submitted by 06/30/2024. Contact the tax advisor if needed."
"Hi team, our IT department's contact email is it_support@company.com. Please reach out for any technical issues.","Hi team, our IT department's contact email is [REDACTED]. Please reach out for any technical issues."
"Dear customer, the webinar link is https://webinar.company.com?id=123456.
"Dear Mr. John Smith, Your loan application for 123 Main St, Springfield, IL has been approved. The loan number 54321 is valid till 12/2024. Please contact us at john.doe@example.com or 555-123-4567 for further details.","Dear Mr. [REDACTED], Your loan application for [REDACTED], Springfield, IL has been approved. The loan number [REDACTED] is valid till 12/2024. Please contact us at [REDACTED] or [REDACTED] for further details."
"Hello team, our next meeting will be held at 555 Elm Street on July 15th. Bring the reports. By the way, my social security number is 123-45-6789 and my bank account number is 987654321.","Hello team, our next meeting will be held at [REDACTED] on July 15th. Bring the reports. By the way, my social security number is [REDACTED] and my bank account number is [REDACTED]."
"To whom it may concern, Please remit payment to account number 112233445566 for the invoice INV-2024-00123. Also, Alice's date of birth is 05/12/1985.","To whom it may concern, Please remit payment to account number [REDACTED] for the invoice [REDACTED]. Also, Alice's date of birth is [REDACTED]."
"Dear Dr. Smith, please see the attached medical record for patient MR123456. The health insurance number is ABC123456. Additionally, contact me at jane.doe@company.com.","Dear Dr. Smith, please see the attached medical record for patient [REDACTED]. The health insurance number is [REDACTED]. Additionally, contact me at [REDACTED]."
"Hi Bob, the project code XYZ-12345 must be reviewed before Q3. For security reasons, use code 7890. P.S. my father’s name is Robert Johnson and his email is robert.johnson@example.com.","Hi Bob, the project code [REDACTED] must be reviewed before Q3. For security reasons, use code [REDACTED]. P.S. my father’s name is [REDACTED] and his email is [REDACTED]."
"Our server IP address is 192.168.1.1 and the shipment will arrive on tracking number 1Z9999999999999999. Please update the inventory. Regards, John Doe, johndoe@example.com.","Our server IP address is [REDACTED] and the shipment will arrive on tracking number [REDACTED]. Please update the inventory. Regards, [REDACTED], [REDACTED]."
"Hi Sarah, can you please confirm the bank account details for the transfer? My account number is 112233445566, and the routing number is 123456789. Thanks, John.","Hi Sarah, can you please confirm the bank account details for the transfer? My account number is [REDACTED], and the routing number is [REDACTED]. Thanks, John."
"Please find the attached lease agreement for 456 Oak St, Metropolis, NY. The tenant, John Smith (SSN: 123-45-6789), will move in on 08/01/2024.","Please find the attached lease agreement for [REDACTED], Metropolis, NY. The tenant, [REDACTED] (SSN: [REDACTED]), will move in on 08/01/2024."
"Hi team, our new member Alice (alice.doe@company.com) will join us from next week. Her employee ID is E12345, and her office address is 1234 Health Ave.","Hi team, our new member Alice ([REDACTED]) will join us from next week. Her employee ID is [REDACTED], and her office address is [REDACTED]."
"Hi Dr. White, the patient's insurance claim number IC123456 needs processing. Also, here is the emergency contact: Maria, 555-987-6543.","Hi Dr. White, the patient's insurance claim number [REDACTED] needs processing. Also, here is the emergency contact: Maria, [REDACTED]."
"Hi John, please ensure the warranty ID WTY2024-5678 is registered before the end of the month. And don’t forget, my passport number is X1234567.","Hi John, please ensure the warranty ID [REDACTED] is registered before the end of the month. And don’t forget, my passport number is [REDACTED]."
"Dear customer, your order confirmation number is ABC123DEF. Please track the shipment with 1Z9999999999999999. For any queries, contact us at support@company.com.","Dear customer, your order confirmation number is [REDACTED]. Please track the shipment with [REDACTED]. For any queries, contact us at [REDACTED]."
"Hi team, the project deadline is 07/01/2024. Remember, the server IP address is 203.0.113.1 and our office number is 1-800-555-1234.","Hi team, the project deadline is 07/01/2024. Remember, the server IP address is [REDACTED] and our office number is [REDACTED]."
"Hello, the PIN for my account is 4321. Additionally, my vehicle registration number is ABC-1234.","Hello, the PIN for my account is [REDACTED]. Additionally, my vehicle registration number is [REDACTED]."
"Dear Sir/Madam, please see the attached files for the purchase history and invoice INV-2024-00123. The customer's email is john.doe@example.com.","Dear Sir/Madam, please see the attached files for the purchase history and invoice [REDACTED]. The customer's email is [REDACTED]."
"Hi team, please review the financial report for Q2, prepared by John Doe (john.doe@company.com).","Hi team, please review the financial report for Q2, prepared by [REDACTED]."
"Hi Bob, can you please verify the details of the customer? Name: Jane Doe, email: jane.doe@company.com, and phone: 555-123-4567.","Hi Bob, can you please verify the details of the customer? Name: [REDACTED], email: [REDACTED], and phone: [REDACTED]."
"Hi team, please see the attached minutes from the meeting held at 555 Elm Street. The guest speaker was Dr. John Smith (john.smith@example.com).","Hi team, please see the attached minutes from the meeting held at [REDACTED]. The guest speaker was Dr. [REDACTED] ([REDACTED])."
"Dear Mr. White, your appointment with Dr. Smith at 1234 Health Ave is confirmed. Please bring your health insurance number ABC123456.","Dear Mr. White, your appointment with Dr. Smith at [REDACTED] is confirmed. Please bring your health insurance number [REDACTED]."
"Hello John, the survey responses for the webinar (ID: 123456) have been compiled. Please review them.","Hello John, the survey responses for the webinar (ID: [REDACTED]) have been compiled. Please review them."
"Hi team, the product key for the software is XXXX-YYYY-ZZZZ-AAAA. Ensure it is activated by 09/15/2024.","Hi team, the product key for the software is [REDACTED]. Ensure it is activated by [REDACTED]."
"Hello Alice, your investment account balance as of 06/20/2024 is $5,678.90. Please review the attached statement.","Hello Alice, your investment account balance as of 06/20/2024 is $5,678.90. Please review the attached statement."
"Dear team, the user feedback form submitted by user1234 has been reviewed. Please see the attached file.","Dear team, the user feedback form submitted by [REDACTED] has been reviewed. Please see the attached file."
"Hello, the prescription number RX9876543210 is ready for pick-up. Please bring your ID.","Hello, the prescription number [REDACTED] is ready for pick-up. Please bring your ID."
"Dear Mr. Green, your hotel reservation confirmation number is ABCDEF123456. Enjoy your stay at the Grand Hotel.","Dear Mr. Green, your hotel reservation confirmation number is [REDACTED]. Enjoy your stay at the Grand Hotel."
"Hi Sarah, the tax filing number TF987654321 needs to be submitted by 06/30/2024. Contact the tax advisor if needed.","Hi Sarah, the tax filing number [REDACTED] needs to be submitted by 06/30/2024. Contact the tax advisor if needed."
"Hi team, our IT department's contact email is it_support@company.com. Please reach out for any technical issues.","Hi team, our IT department's contact email is [REDACTED]. Please reach out for any technical issues."
"Dear customer, the webinar link is https://webinar.company.com?id=123456. The event will cover
Original Text,Redacted Text
"Dear Mr. Allen, your appointment with Dr. Carter at 5678 Wellness Ave is scheduled for 03/25/2024. Please bring your insurance card and ID.","Dear Mr. Allen, your appointment with Dr. Carter at [REDACTED] is scheduled for [REDACTED]. Please bring your insurance card and ID."
"Hello everyone, the quarterly financial results meeting will be held next Monday. Please come prepared.","Hello everyone, the quarterly financial results meeting will be held next Monday. Please come prepared."
"Order number 1234XYZ has been shipped. Track your package with tracking number 1Z12345E0205271688.","Order number [REDACTED] has been shipped. Track your package with tracking number [REDACTED]."
"The weather forecast for tomorrow is sunny with a high of 75°F. Perfect for the company picnic!","The weather forecast for tomorrow is sunny with a high of 75°F. Perfect for the company picnic!"
"Our office will be closed on July 4th in observance of Independence Day. Please plan accordingly.","Our office will be closed on July 4th in observance of Independence Day. Please plan accordingly."
"Hi team, please update your passwords regularly to ensure the security of your accounts.","Hi team, please update your passwords regularly to ensure the security of your accounts."
"The license plate of the suspect's car is XYZ-9876. Please report any sightings to the authorities.","The license plate of the suspect's car is [REDACTED]. Please report any sightings to the authorities."
"Dear Mr. Clark, your subscription to the magazine will expire on 12/31/2024. Please renew to continue enjoying our content.","Dear Mr. Clark, your subscription to the magazine will expire on [REDACTED]. Please renew to continue enjoying our content."
"Reminder: The company holiday party is on December 15th at the downtown banquet hall. See you there!","Reminder: The company holiday party is on December 15th at the downtown banquet hall. See you there!"
"Congratulations to Jane for winning the Employee of the Month award! Keep up the great work.","Congratulations to Jane for winning the Employee of the Month award! Keep up the great work."
"Please submit your expense reports by the end of the week to ensure timely reimbursement.","Please submit your expense reports by the end of the week to ensure timely reimbursement."
"The deadline for the project proposal is March 1st. Make sure to include all necessary documentation.","The deadline for the project proposal is March 1st. Make sure to include all necessary documentation."
"Dear Customer, your credit card ending in 1234 has been charged $50.00 for your recent purchase.","Dear Customer, your credit card ending in [REDACTED] has been charged $50.00 for your recent purchase."
"The new company policy on remote work will be effective from July 1st. Please review the guidelines.","The new company policy on remote work will be effective from July 1st. Please review the guidelines."
"John's new phone number is 555-678-1234. Please update your contact list.","John's new phone number is [REDACTED]. Please update your contact list."
"Hi team, our next project kickoff meeting is scheduled for Monday at 10 AM in Conference Room B.","Hi team, our next project kickoff meeting is scheduled for Monday at 10 AM in Conference Room B."
"Please find attached the latest version of the quarterly report for your review.","Please find attached the latest version of the quarterly report for your review."
"Dear Ms. Lee, thank you for your donation of $100 to our charity. Your support is greatly appreciated.","Dear Ms. Lee, thank you for your donation of $100 to our charity. Your support is greatly appreciated."
"Our IT department has resolved the network issue. You may now resume normal activities.","Our IT department has resolved the network issue. You may now resume normal activities."
"The team outing has been scheduled for next Friday. Details will be sent out soon.","The team outing has been scheduled for next Friday. Details will be sent out soon."
"Congratulations on your recent promotion! We look forward to your continued success in your new role.","Congratulations on your recent promotion! We look forward to your continued success in your new role."
"Please be aware that the office will be undergoing renovations starting next week.","Please be aware that the office will be undergoing renovations starting next week."
"The annual company retreat will take place at the Mountain Resort from August 20th to 22nd.","The annual company retreat will take place at the Mountain Resort from August 20th to 22nd."
"Dear valued customer, your feedback is important to us. Please complete our survey.","Dear valued customer, your feedback is important to us. Please complete our survey."
"Due to inclement weather, the office will be closed today. Please work from home if possible.","Due to inclement weather, the office will be closed today. Please work from home if possible."
"Our customer service hotline is 1-800-555-1234. Feel free to reach out with any questions.","Our customer service hotline is [REDACTED]. Feel free to reach out with any questions."
"Please join us in welcoming our new team member, Sarah Johnson.","Please join us in welcoming our new team member, Sarah Johnson."
"Your appointment with Dr. Brown at 123 Health St is confirmed for 10:00 AM on 05/05/2024.","Your appointment with Dr. Brown at [REDACTED] is confirmed for 10:00 AM on [REDACTED]."
"The security code for the building entrance is 9876. Please do not share this code.","The security code for the building entrance is [REDACTED]. Please do not share this code."
"Hi Alex, please call me back at 555-987-6543 when you get a chance.","Hi Alex, please call me back at [REDACTED] when you get a chance."
"Our office hours are from 9 AM to 5 PM, Monday to Friday.","Our office hours are from 9 AM to 5 PM, Monday to Friday."
"Happy holidays to all our employees! Enjoy the festive season with your loved ones.","Happy holidays to all our employees! Enjoy the festive season with your loved ones."
"The conference call is scheduled for tomorrow at 3 PM. Dial-in details are provided in the attached file.","The conference call is scheduled for tomorrow at 3 PM. Dial-in details are provided in the attached file."
"Please note that the company will be closed for Memorial Day on May 27th.","Please note that the company will be closed for Memorial Day on May 27th."
"The customer ID for John Doe is 987654321. Please refer to this ID in all communications.","The customer ID for John Doe is [REDACTED]. Please refer to this ID in all communications."
"Dear team, please submit your project updates by end of day Friday.","Dear team, please submit your project updates by end of day Friday."
"The security code for accessing the secure server is 2468.","The security code for accessing the secure server is [REDACTED]."
"Please find the updated project timeline attached. Review and provide feedback.","Please find the updated project timeline attached. Review and provide feedback."
"Hi team, our company picnic will be held on June 12th at Central Park. Families are welcome.","Hi team, our company picnic will be held on June 12th at Central Park. Families are welcome."
"Congratulations to our employee of the year, Emily Johnson!","Congratulations to our employee of the year, Emily Johnson!"
"Dear customer, your order #123456 has been shipped. Track your package using tracking ID 1Z123456.","Dear customer, your order #[REDACTED] has been shipped. Track your package using tracking ID [REDACTED]."
"Reminder: Please complete your annual training by the end of the month.","Reminder: Please complete your annual training by the end of the month."
"Hi team, the office will be closed on July 4th for Independence Day. Enjoy the holiday!","Hi team, the office will be closed on July 4th for Independence Day. Enjoy the holiday!"
"Our IT support team is available 24/7. Contact them at it_support@company.com.","Our IT support team is available 24/7. Contact them at [REDACTED]."
"Please join us for a webinar on cybersecurity on April 15th at 2 PM.","Please join us for a webinar on cybersecurity on April 15th at 2 PM."
"The customer service email for inquiries is support@example.com.","The customer service email for inquiries is [REDACTED]."
"Dear team, please find the Q3 budget report attached for your review.","Dear team, please find the Q3 budget report attached for your review."
"The project kickoff meeting is scheduled for January 10th at 10 AM in Room 101.","The project kickoff meeting is scheduled for January 10th at 10 AM in Room 101."
"Happy New Year to all our employees! Wishing you a prosperous 2024.","Happy New Year to all our employees! Wishing you a prosperous 2024."
Original Text,Redacted Text
"Congratulations to Mike on his promotion to Senior Manager. Well deserved!","Congratulations to Mike on his promotion to Senior Manager. Well deserved!"
"Hi everyone, the office renovation will start on April 1st. Please plan accordingly.","Hi everyone, the office renovation will start on April 1st. Please plan accordingly."
"Please remember to submit your time sheets by Friday to ensure timely processing.","Please remember to submit your time sheets by Friday to ensure timely processing."
"Jane’s passport number is A12345678 and it expires on 01/01/2025.","Jane’s passport number is [REDACTED] and it expires on [REDACTED]."
"Our office address is 987 Corporate Blvd, Suite 100, New York, NY.","Our office address is [REDACTED], Suite 100, New York, NY."
"The network password has been updated to 'secure2024'. Please change it after your first login.","The network password has been updated to '[REDACTED]'. Please change it after your first login."
"Dear Customer, your recent transaction of $250.00 has been successfully processed.","Dear Customer, your recent transaction of $250.00 has been successfully processed."
"The quarterly meeting is scheduled for October 10th at 9 AM in the main conference room.","The quarterly meeting is scheduled for October 10th at 9 AM in the main conference room."
"Hi John, the client meeting has been rescheduled to 2 PM tomorrow. Please adjust your calendar.","Hi John, the client meeting has been rescheduled to 2 PM tomorrow. Please adjust your calendar."
"Dear Sarah, please find attached your monthly performance report for your review.","Dear Sarah, please find attached your monthly performance report for your review."
"The office kitchen will be closed for maintenance on Friday. Please make alternative arrangements.","The office kitchen will be closed for maintenance on Friday. Please make alternative arrangements."
"Please join us in congratulating Anna on her 5-year anniversary with the company.","Please join us in congratulating Anna on her 5-year anniversary with the company."
"Dear Mr. Green, your application for the membership has been approved. Welcome aboard!","Dear Mr. Green, your application for the membership has been approved. Welcome aboard!"
"The employee discount code for this month is EMP2024. Use it at checkout to receive your discount.","The employee discount code for this month is [REDACTED]. Use it at checkout to receive your discount."
"Please RSVP for the company holiday party by December 1st. We look forward to seeing you there!","Please RSVP for the company holiday party by December 1st. We look forward to seeing you there!"
"The new health insurance policy details are attached. Please review and contact HR with any questions.","The new health insurance policy details are attached. Please review and contact HR with any questions."
"Hi team, our department will be moving to the new office on the 3rd floor next week.","Hi team, our department will be moving to the new office on the 3rd floor next week."
"Dear valued customer, your feedback on our service is important. Please take a moment to fill out our survey.","Dear valued customer, your feedback on our service is important. Please take a moment to fill out our survey."
"The office will be closed for the Thanksgiving holiday on November 23rd and 24th.","The office will be closed for the Thanksgiving holiday on November 23rd and 24th."
"Our customer support number is 1-800-555-9876. We are here to help you with any issues.","Our customer support number is [REDACTED]. We are here to help you with any issues."
"Dear Alex, please review the attached draft of the new project proposal.","Dear Alex, please review the attached draft of the new project proposal."
"The company picnic is scheduled for June 30th at the Lakeside Park. Family and friends are welcome.","The company picnic is scheduled for June 30th at the Lakeside Park. Family and friends are welcome."
"Please ensure that all expense reports for Q4 are submitted by January 15th.","Please ensure that all expense reports for Q4 are submitted by January 15th."
"Dear Mr. Thompson, your credit card ending in 5678 has been declined. Please contact your bank.","Dear Mr. Thompson, your credit card ending in [REDACTED] has been declined. Please contact your bank."
"The IT department will conduct a security audit next week. Please ensure your systems are compliant.","The IT department will conduct a security audit next week. Please ensure your systems are compliant."
"Hi team, our next brainstorming session will be on Wednesday at 11 AM in the creative lab.","Hi team, our next brainstorming session will be on Wednesday at 11 AM in the creative lab."
"The annual performance reviews will begin in January. Please schedule your review with your manager.","The annual performance reviews will begin in January. Please schedule your review with your manager."
"Dear customer, your service request ID 87654321 has been resolved. Thank you for your patience.","Dear customer, your service request ID [REDACTED] has been resolved. Thank you for your patience."
"The company training portal is now live. Please log in and complete the mandatory courses.","The company training portal is now live. Please log in and complete the mandatory courses."
"Hi team, the monthly sales report is attached. Please review and provide your feedback.","Hi team, the monthly sales report is attached. Please review and provide your feedback."
"Congratulations to Laura on completing her certification course! Great job!","Congratulations to Laura on completing her certification course! Great job!"
"Our office building will undergo fire safety inspections on Monday. Please be prepared for brief interruptions.","Our office building will undergo fire safety inspections on Monday. Please be prepared for brief interruptions."
"The customer loyalty program offers new benefits this year. Please review the attached brochure.","The customer loyalty program offers new benefits this year. Please review the attached brochure."
"Dear Mr. Lopez, your dental appointment with Dr. Garcia is confirmed for 3 PM on April 10th.","Dear Mr. Lopez, your dental appointment with Dr. Garcia is confirmed for 3 PM on April 10th."
"The team lunch will be held at the Italian Bistro on Friday at 1 PM. See you there!","The team lunch will be held at the Italian Bistro on Friday at 1 PM. See you there!"
"Our holiday sale starts next week. Enjoy up to 50% off on selected items.","Our holiday sale starts next week. Enjoy up to 50% off on selected items."
"Please update your emergency contact information in the HR portal by the end of the month.","Please update your emergency contact information in the HR portal by the end of the month."
"The company has introduced a new wellness program. Details are attached.","The company has introduced a new wellness program. Details are attached."
"Dear Ms. Wilson, your account has been credited with $150.00 as a goodwill gesture. Thank you for your understanding.","Dear Ms. Wilson, your account has been credited with $150.00 as a goodwill gesture. Thank you for your understanding."
"The quarterly team-building event will be held at Adventure Park on October 15th.","The quarterly team-building event will be held at Adventure Park on October 15th."
"Please ensure that all travel expenses are approved by your manager before booking.","Please ensure that all travel expenses are approved by your manager before booking."
"Dear customer, your membership renewal is due. Please visit our website to renew.","Dear customer, your membership renewal is due. Please visit our website to renew."
"The office cafeteria will feature a new menu starting next week. Bon appétit!","The office cafeteria will feature a new menu starting next week. Bon appétit!"
Original Text,Redacted Text
"Please update your contact information in the HR portal before the end of the quarter.","Please update your contact information in the HR portal before the end of the quarter."
"Hi team, our weekly sync meeting is moved to 10 AM on Tuesday due to a scheduling conflict.","Hi team, our weekly sync meeting is moved to 10 AM on Tuesday due to a scheduling conflict."
"Dear Jane, thank you for your payment of $250.00. Your invoice has been settled.","Dear Jane, thank you for your payment of $250.00. Your invoice has been settled."
"The marketing campaign launch date is set for August 15th. Please ensure all materials are ready.","The marketing campaign launch date is set for August 15th. Please ensure all materials are ready."
"John, your annual performance review is scheduled for March 5th at 2 PM in Room 301.","John, your annual performance review is scheduled for March 5th at 2 PM in Room 301."
"Reminder: The company health check-up is on July 25th. Please bring your medical records.","Reminder: The company health check-up is on July 25th. Please bring your medical records."
"Dear team, please welcome our new intern, Tom Green. He will be joining us from Monday.","Dear team, please welcome our new intern, Tom Green. He will be joining us from Monday."
"The office holiday schedule has been posted on the intranet. Please review it.","The office holiday schedule has been posted on the intranet. Please review it."
"Hi everyone, the company softball game is this Saturday at 3 PM. Hope to see you there!","Hi everyone, the company softball game is this Saturday at 3 PM. Hope to see you there!"
"Dear Mr. Brown, your vehicle service appointment is confirmed for April 12th at 9 AM.","Dear Mr. Brown, your vehicle service appointment is confirmed for April 12th at 9 AM."
"Please note that the office parking lot will be closed for repaving next weekend.","Please note that the office parking lot will be closed for repaving next weekend."
"Hi team, the budget review meeting is scheduled for next Thursday at 11 AM.","Hi team, the budget review meeting is scheduled for next Thursday at 11 AM."
"Congratulations to Emily on her recent engagement! Best wishes to the happy couple.","Congratulations to Emily on her recent engagement! Best wishes to the happy couple."
"The company's annual report has been published. Please review the attached document.","The company's annual report has been published. Please review the attached document."
"Hi all, the company hiking trip is planned for September 10th. Make sure to sign up!","Hi all, the company hiking trip is planned for September 10th. Make sure to sign up!"
"Please complete the cybersecurity training by the end of this month. It is mandatory.","Please complete the cybersecurity training by the end of this month. It is mandatory."
"The emergency evacuation drill will take place tomorrow at 10 AM. Please participate.","The emergency evacuation drill will take place tomorrow at 10 AM. Please participate."
"Dear Alex, your request for time off has been approved. Enjoy your vacation!","Dear Alex, your request for time off has been approved. Enjoy your vacation!"
"Please update the sales figures in the shared spreadsheet by EOD Friday.","Please update the sales figures in the shared spreadsheet by EOD Friday."
"Hi team, the deadline for the client presentation has been extended to next Tuesday.","Hi team, the deadline for the client presentation has been extended to next Tuesday."
"Dear customer, your feedback on our service has been received. Thank you for your input.","Dear customer, your feedback on our service has been received. Thank you for your input."
"The project milestone report is due next week. Please ensure all tasks are updated.","The project milestone report is due next week. Please ensure all tasks are updated."
"Hi everyone, please remember to lock your computers when stepping away from your desk.","Hi everyone, please remember to lock your computers when stepping away from your desk."
"The office will be providing free flu shots next Monday. Please sign up in the lobby.","The office will be providing free flu shots next Monday. Please sign up in the lobby."
"Dear Mr. White, your flight to Chicago on May 8th has been confirmed. Safe travels!","Dear Mr. White, your flight to Chicago on May 8th has been confirmed. Safe travels!"
"Hi team, the new marketing strategy document is attached. Please review it.","Hi team, the new marketing strategy document is attached. Please review it."
"Please note that the cafeteria will be closed for renovation from August 1st to August 15th.","Please note that the cafeteria will be closed for renovation from August 1st to August 15th."
"Congratulations to Sarah on her new role as Director of Operations. Well deserved!","Congratulations to Sarah on her new role as Director of Operations. Well deserved!"
"The office gym is now open. Please follow the safety guidelines posted inside.","The office gym is now open. Please follow the safety guidelines posted inside."
"Dear team, please join me in welcoming our new CFO, Mr. Robert Johnson.","Dear team, please join me in welcoming our new CFO, Mr. Robert Johnson."
"Hi all, the company volunteering day is scheduled for October 15th. Sign up sheets are in the lobby.","Hi all, the company volunteering day is scheduled for October 15th. Sign up sheets are in the lobby."
"Please ensure all client contracts are reviewed and signed by EOD Thursday.","Please ensure all client contracts are reviewed and signed by EOD Thursday."
"Dear employees, the annual holiday bonus will be distributed next Friday. Happy holidays!","Dear employees, the annual holiday bonus will be distributed next Friday. Happy holidays!"
"Hi team, please find attached the agenda for next week's strategy meeting.","Hi team, please find attached the agenda for next week's strategy meeting."
"Reminder: The office potluck is this Friday. Please bring a dish to share.","Reminder: The office potluck is this Friday. Please bring a dish to share."
"The new office furniture will be delivered on Monday. Please clear your workspaces.","The new office furniture will be delivered on Monday. Please clear your workspaces."
"Dear Mr. Green, your monthly statement is attached. Please review it and let us know if you have any questions.","Dear Mr. Green, your monthly statement is attached. Please review it and let us know if you have any questions."
"The company is launching a new mentorship program. Details are attached.","The company is launching a new mentorship program. Details are attached."
"Hi everyone, the IT department will perform system maintenance this weekend. Expect brief outages.","Hi everyone, the IT department will perform system maintenance this weekend. Expect brief outages."
"Please review the attached policy update and acknowledge receipt by end of day.","Please review the attached policy update and acknowledge receipt by end of day."
"The annual team-building event will be held at the Lakeside Resort from May 10th to 12th.","The annual team-building event will be held at the Lakeside Resort from May 10th to 12th."
"Dear team, the Q4 financial summary is attached. Please review and provide your feedback.","Dear team, the Q4 financial summary is attached. Please review and provide your feedback."
"Hi all, the company is implementing a new dress code policy starting next month. Details attached.","Hi all, the company is implementing a new dress code policy starting next month. Details attached."
"The employee referral program now offers $500 for successful hires. Refer a friend today!","The employee referral program now offers $500 for successful hires. Refer a friend today!"
"Hi team, the office will be closed on President's Day. Enjoy the long weekend!","Hi team, the office will be closed on President's Day. Enjoy the long weekend!"
"Dear valued customer, your recent purchase of $120.00 has been processed successfully.","Dear valued customer, your recent purchase of $120.00 has been processed successfully."
"Please ensure all personal items are removed from the office by Friday for the cleaning crew.","Please ensure all personal items are removed from the office by Friday for the cleaning crew."
"The company wellness program includes free yoga classes every Wednesday. Join us!","The company wellness program includes free yoga classes every Wednesday. Join us!"
"Hi team, please complete the attached survey about our recent project. Your feedback is valuable.","Hi team, please complete the attached survey about our recent project. Your feedback is valuable."
"Dear Mr. Adams, your request for additional funding has been approved. Congratulations!","Dear Mr. Adams, your request for additional funding has been approved. Congratulations!"
"The office will host a blood drive on July 20th. Sign up in the lobby if you're interested.","The office will host a blood drive on July 20th. Sign up in the lobby if you're interested."
"Hi everyone, the company will be participating in the city marathon. Join our team!","Hi everyone, the company will be participating in the city marathon. Join our team!"
"The customer service department has a new email address: support@newdomain.com.","The customer service department has a new email address: [REDACTED]."
"Dear Ms. Lee, your application for the leadership training program has been accepted. Well done!","Dear Ms. Lee, your application for the leadership training program has been accepted. Well done!"
"Please ensure all workstations are logged off by 6 PM for system updates.","Please ensure all workstations are logged off by 6 PM for system updates."
"The office will celebrate Earth Day with a park cleanup event. Volunteers needed!","The office will celebrate Earth Day with a park cleanup event. Volunteers needed!"
Original Text,Redacted Text
"Please join us in congratulating Maria on her new baby boy!","Please join us in congratulating Maria on her new baby boy!"
"Hi team, our quarterly review meeting is rescheduled to next Wednesday at 2 PM.","Hi team, our quarterly review meeting is rescheduled to next Wednesday at 2 PM."
"The office will be providing free lunch every Friday this month. Enjoy!","The office will be providing free lunch every Friday this month. Enjoy!"
"Dear Mr. Wilson, your application for the credit card has been approved.","Dear Mr. Wilson, your application for the credit card has been approved."
"Hi everyone, the new office layout will be implemented next week.","Hi everyone, the new office layout will be implemented next week."
"Please find attached the minutes from the last board meeting.","Please find attached the minutes from the last board meeting."
"Congratulations to all employees who received promotions this quarter!","Congratulations to all employees who received promotions this quarter!"
"The parking garage will be closed for maintenance on Saturday.","The parking garage will be closed for maintenance on Saturday."
"Dear team, the new project management software will go live on Monday.","Dear team, the new project management software will go live on Monday."
"Hi team, our next team-building activity will be an escape room challenge.","Hi team, our next team-building activity will be an escape room challenge."
"The office will be closed for Labor Day on September 3rd.","The office will be closed for Labor Day on September 3rd."
"Dear Mr. Harris, your order #456789 has been shipped.","Dear Mr. Harris, your order #[REDACTED] has been shipped."
"Please submit your suggestions for the new company logo by Friday.","Please submit your suggestions for the new company logo by Friday."
"Hi everyone, the company will host a BBQ in the park this weekend.","Hi everyone, the company will host a BBQ in the park this weekend."
"Dear customers, please note our new office hours starting next week.","Dear customers, please note our new office hours starting next week."
"The customer feedback session is scheduled for Tuesday at 10 AM.","The customer feedback session is scheduled for Tuesday at 10 AM."
"Dear Mr. Martin, your loan application has been processed successfully.","Dear Mr. Martin, your loan application has been processed successfully."
"Hi team, please welcome our new HR manager, Lisa Brown.","Hi team, please welcome our new HR manager, Lisa Brown."
"Reminder: The monthly newsletter will be sent out this Friday.","Reminder: The monthly newsletter will be sent out this Friday."
"The IT department will perform a system upgrade this weekend.","The IT department will perform a system upgrade this weekend."
"Dear Ms. Thompson, your subscription has been renewed for another year.","Dear Ms. Thompson, your subscription has been renewed for another year."
"The company is implementing a new time tracking system starting next month.","The company is implementing a new time tracking system starting next month."
"Please join us in celebrating our company’s 10th anniversary next Thursday.","Please join us in celebrating our company’s 10th anniversary next Thursday."
"The customer service training session will be held on August 10th.","The customer service training session will be held on August 10th."
"Hi everyone, the office will be closed for maintenance on Monday.","Hi everyone, the office will be closed for maintenance on Monday."
"Dear Mr. Robinson, your payment of $200.00 has been received.","Dear Mr. Robinson, your payment of $200.00 has been received."
"The quarterly performance reviews will start next week.","The quarterly performance reviews will start next week."
"Please find attached the agenda for next week’s meeting.","Please find attached the agenda for next week’s meeting."
"Hi team, the office will host a Halloween party on October 31st.","Hi team, the office will host a Halloween party on October 31st."
"Dear Ms. Green, your account has been updated successfully.","Dear Ms. Green, your account has been updated successfully."
"The customer appreciation event will be held on December 15th.","The customer appreciation event will be held on December 15th."
"Hi everyone, the company will sponsor a charity run next month.","Hi everyone, the company will sponsor a charity run next month."
"Please submit your vacation requests for the holiday season by November 1st.","Please submit your vacation requests for the holiday season by November 1st."
"Dear Mr. Taylor, your recent purchase of $75.00 has been processed.","Dear Mr. Taylor, your recent purchase of $75.00 has been processed."
"The office will celebrate Employee Appreciation Day on March 5th.","The office will celebrate Employee Appreciation Day on March 5th."
"Hi team, the next strategy planning session is scheduled for Friday.","Hi team, the next strategy planning session is scheduled for Friday."
"Dear Ms. White, your service appointment is confirmed for June 20th.","Dear Ms. White, your service appointment is confirmed for June 20th."
"The new company website will launch on October 1st. Stay tuned!","The new company website will launch on October 1st. Stay tuned!"
"Hi everyone, please complete the annual compliance training by month-end.","Hi everyone, please complete the annual compliance training by month-end."
"Dear customers, our new product line will be available starting next month.","Dear customers, our new product line will be available starting next month."
"The company picnic has been rescheduled to next Saturday due to weather.","The company picnic has been rescheduled to next Saturday due to weather."
"Hi team, the office will be closed for New Year’s Day on January 1st.","Hi team, the office will be closed for New Year’s Day on January 1st."
"Dear Mr. Wright, your refund of $50.00 has been processed.","Dear Mr. Wright, your refund of $50.00 has been processed."
"Please join us in celebrating Mark's retirement next Friday.","Please join us in celebrating Mark's retirement next Friday."
"Hi everyone, the office will undergo a deep cleaning this weekend.","Hi everyone, the office will undergo a deep cleaning this weekend."
"Dear Ms. Adams, your payment plan has been updated successfully.","Dear Ms. Adams, your payment plan has been updated successfully."
"The annual customer satisfaction survey will be sent out next week.","The annual customer satisfaction survey will be sent out next week."
"Hi team, please find attached the new policy on remote work.","Hi team, please find attached the new policy on remote work."
"The office will be closed for Thanksgiving on November 22nd and 23rd.","The office will be closed for Thanksgiving on November 22nd and 23rd."
"Dear Mr. Parker, your order has been shipped and will arrive soon.","Dear Mr. Parker, your order has been shipped and will arrive soon."
"Please submit your performance review forms by the end of the month.","Please submit your performance review forms by the end of the month."
"Hi everyone, the company holiday card contest starts next week.","Hi everyone, the company holiday card contest starts next week."
"Dear Ms. Cook, your membership has been renewed for another year.","Dear Ms. Cook, your membership has been renewed for another year."
"The office will host a retirement party for Linda on March 30th.","The office will host a retirement party for Linda on March 30th."
"Hi team, please review the attached document before our next meeting.","Hi team, please review the attached document before our next meeting."
"Dear Mr. Bennett, your flight to New York on June 1st is confirmed.","Dear Mr. Bennett, your flight to New York on June 1st is confirmed."
"The new HR policy manual is attached. Please review it.","The new HR policy manual is attached. Please review it."
"Hi everyone, please join us for a virtual happy hour next Friday.","Hi everyone, please join us for a virtual happy hour next Friday."
"Dear Ms. Morris, your donation of $100.00 is greatly appreciated.","Dear Ms. Morris, your donation of $100.00 is greatly appreciated."
"Please note that the office will be closed for inventory on June 29th.","Please note that the office will be closed for inventory on June 29th."
"Hi team, the budget planning meeting is scheduled for Tuesday at 3 PM.","Hi team, the budget planning meeting is scheduled for Tuesday at 3 PM."
"Dear Mr. Foster, your service request has been received and is being processed.","Dear Mr. Foster, your service request has been received and is being processed."
"The office will host a welcome lunch for new employees on April 10th.","The office will host a welcome lunch for new employees on April 10th."
"Hi everyone, the company will match all charitable donations made this month.","Hi everyone, the company will match all charitable donations made this month."
"Dear Ms. Brooks, your subscription to our newsletter has been confirmed.","Dear Ms. Brooks, your subscription to our newsletter has been confirmed."
"The customer support hotline is now available 24/7. Call us anytime.","The customer support hotline is now available 24/7. Call us anytime."
"Hi team, please find attached the updated client list for your reference.","Hi team, please find attached the updated client list for your reference."
"Dear Mr. Hughes, your application for the scholarship has been approved.","Dear Mr. Hughes, your application for the scholarship has been approved."
"The company will host a financial planning seminar on September 14th.","The company will host a financial planning seminar on September 14th."
"Hi everyone, please submit your ideas for the next team outing.","Hi everyone, please submit your ideas for the next team outing."
Original Text,Redacted Text
"Hi team, please ensure all project updates are submitted by Thursday.","Hi team, please ensure all project updates are submitted by Thursday."
"The company is hosting a webinar on digital marketing next Wednesday.","The company is hosting a webinar on digital marketing next Wednesday."
"Dear Ms. Kelly, your service contract has been renewed for another year.","Dear Ms. Kelly, your service contract has been renewed for another year."
"Reminder: The fire drill is scheduled for tomorrow at 11 AM.","Reminder: The fire drill is scheduled for tomorrow at 11 AM."
"Hi everyone, the office will be closed for staff training on Friday.","Hi everyone, the office will be closed for staff training on Friday."
"Dear Mr. Murphy, your return of $45.00 has been processed successfully.","Dear Mr. Murphy, your return of $45.00 has been processed successfully."
"The new company policy on remote work is effective immediately.","The new company policy on remote work is effective immediately."
"Hi team, please find attached the latest version of the project timeline.","Hi team, please find attached the latest version of the project timeline."
"The office will host a bake sale to support local charities next month.","The office will host a bake sale to support local charities next month."
"Dear Ms. Campbell, your recent purchase of $80.00 has been confirmed.","Dear Ms. Campbell, your recent purchase of $80.00 has been confirmed."
"Hi everyone, the office will be closed on Good Friday.","Hi everyone, the office will be closed on Good Friday."
"Dear Mr. James, your application for the loan has been approved.","Dear Mr. James, your application for the loan has been approved."
"The quarterly budget review meeting is scheduled for next Thursday.","The quarterly budget review meeting is scheduled for next Thursday."
"Hi team, the office will host a holiday cookie exchange on December 20th.","Hi team, the office will host a holiday cookie exchange on December 20th."
"Dear Ms. Perry, your credit limit has been increased to $10,000.","Dear Ms. Perry, your credit limit has been increased to $10,000."
"The company is implementing a new performance evaluation system.","The company is implementing a new performance evaluation system."
"Hi everyone, please join us for a team lunch next Wednesday.","Hi everyone, please join us for a team lunch next Wednesday."
"Dear Mr. Evans, your account has been credited with $25.00.","Dear Mr. Evans, your account has been credited with $25.00."
"Reminder: The next board meeting is on March 15th at 10 AM.","Reminder: The next board meeting is on March 15th at 10 AM."
"Hi team, please review the attached safety guidelines before the workshop.","Hi team, please review the attached safety guidelines before the workshop."
"The office will be hosting a summer BBQ for all employees and their families.","The office will be hosting a summer BBQ for all employees and their families."
"Dear Ms. Watson, your subscription has been successfully canceled.","Dear Ms. Watson, your subscription has been successfully canceled."
"The quarterly performance reviews will be conducted next month.","The quarterly performance reviews will be conducted next month."
"Hi everyone, the office will be closed for the Memorial Day holiday.","Hi everyone, the office will be closed for the Memorial Day holiday."
"Dear Mr. Lewis, your payment of $150.00 has been received. Thank you.","Dear Mr. Lewis, your payment of $150.00 has been received. Thank you."
"Reminder: The annual company picnic is on June 12th at the local park.","Reminder: The annual company picnic is on June 12th at the local park."
"Hi team, please ensure all travel expenses are submitted by Friday.","Hi team, please ensure all travel expenses are submitted by Friday."
"The company is launching a new mentorship program for junior employees.","The company is launching a new mentorship program for junior employees."
"Dear Ms. Bailey, your recent order has been shipped and will arrive soon.","Dear Ms. Bailey, your recent order has been shipped and will arrive soon."
"Hi everyone, please complete the attached survey about our new product.","Hi everyone, please complete the attached survey about our new product."
"Dear Mr. Diaz, your request for a refund has been approved. It will be processed within 5 business days.","Dear Mr. Diaz, your request for a refund has been approved. It will be processed within 5 business days."
"The company will host a financial wellness seminar on April 14th.","The company will host a financial wellness seminar on April 14th."
"Hi team, please join me in welcoming our new CFO, Mr. Anderson.","Hi team, please join me in welcoming our new CFO, Mr. Anderson."
"Dear Ms. Howard, your application for the scholarship has been approved.","Dear Ms. Howard, your application for the scholarship has been approved."
"Reminder: The monthly team meeting is next Monday at 9 AM.","Reminder: The monthly team meeting is next Monday at 9 AM."
"Hi everyone, the office will host a movie night next Friday. Popcorn will be provided.","Hi everyone, the office will host a movie night next Friday. Popcorn will be provided."
"Dear Mr. Foster, your recent payment of $300.00 has been received.","Dear Mr. Foster, your recent payment of $300.00 has been received."
"The company is updating its privacy policy. Please review the attached document.","The company is updating its privacy policy. Please review the attached document."
"Hi team, please submit your Q2 reports by the end of the week.","Hi team, please submit your Q2 reports by the end of the week."
"Dear Ms. Rogers, your service request has been completed successfully.","Dear Ms. Rogers, your service request has been completed successfully."
"Reminder: The company holiday party is on December 14th at 6 PM.","Reminder: The company holiday party is on December 14th at 6 PM."
"Hi everyone, please welcome our new team member, Kevin Johnson.","Hi everyone, please welcome our new team member, Kevin Johnson."
"Dear Mr. Reed, your payment of $500.00 has been processed successfully.","Dear Mr. Reed, your payment of $500.00 has been processed successfully."
"The quarterly financial report is attached. Please review it and provide your feedback.","The quarterly financial report is attached. Please review it and provide your feedback."
"Hi team, the office will be closed for Independence Day on July 4th.","Hi team, the office will be closed for Independence Day on July 4th."
"Dear Ms. Price, your subscription renewal has been processed. Thank you for continuing with us.","Dear Ms. Price, your subscription renewal has been processed. Thank you for continuing with us."
"The company is launching a new employee wellness program next month.","The company is launching a new employee wellness program next month."
"Hi everyone, please join us for a virtual team-building activity next Thursday.","Hi everyone, please join us for a virtual team-building activity next Thursday."
"Dear Mr. Butler, your account has been deactivated as per your request.","Dear Mr. Butler, your account has been deactivated as per your request."
"Reminder: The office will be closed for the Fourth of July holiday.","Reminder: The office will be closed for the Fourth of July holiday."
"Hi team, please review the updated project plan and provide your feedback.","Hi team, please review the updated project plan and provide your feedback."
"The annual customer appreciation week will be held next month.","The annual customer appreciation week will be held next month."
"Dear Ms. Lee, your service request has been escalated to our support team. They will contact you shortly.","Dear Ms. Lee, your service request has been escalated to our support team. They will contact you shortly."
"Hi everyone, the office will host a summer ice cream social on July 22nd.","Hi everyone, the office will host a summer ice cream social on July 22nd."
"Dear Mr. Simmons, your credit card application has been approved. Expect your new card in the mail soon.","Dear Mr. Simmons, your credit card application has been approved. Expect your new card in the mail soon."
"The company is introducing a new flexible work policy starting next month.","The company is introducing a new flexible work policy starting next month."
"Hi team, the deadline for the annual report submission is next Friday.","Hi team, the deadline for the annual report submission is next Friday."
"Dear Ms. Mitchell, your refund request has been processed. Please allow 3-5 business days for the amount to reflect in your account.","Dear Ms. Mitchell, your refund request has been processed. Please allow 3-5 business days for the amount to reflect in your account."
"The office will host a potluck lunch on Thanksgiving. Please sign up to bring a dish.","The office will host a potluck lunch on Thanksgiving. Please sign up to bring a dish."
"Hi everyone, the company is planning a team outing to the local amusement park next month. Please RSVP by Friday.","Hi everyone, the company is planning a team outing to the local amusement park next month. Please RSVP by Friday."
"Dear Mr. Walker, your membership has been renewed for another year. Thank you for staying with us.","Dear Mr. Walker, your membership has been renewed for another year. Thank you for staying with us."
"Reminder: The office will be closed for the Christmas holiday on December 25th.","Reminder: The office will be closed for the Christmas holiday on December 25th."
"Hi team, please ensure that all project deliverables are submitted by the end of the week.","Hi team, please ensure that all project deliverables are submitted by the end of the week."
Original Text,Redacted Text
"Hi team, the office will be closed for Martin Luther King Jr. Day on January 18th.","Hi team, the office will be closed for Martin Luther King Jr. Day on January 18th."
"Dear Ms. Parker, your subscription to our premium service has been activated.","Dear Ms. Parker, your subscription to our premium service has been activated."
"The annual team-building retreat will be held at the Mountain Lodge from June 8th to 10th.","The annual team-building retreat will be held at the Mountain Lodge from June 8th to 10th."
"Hi everyone, please complete the attached training module by the end of the week.","Hi everyone, please complete the attached training module by the end of the week."
"Dear Mr. Barnes, your order #987654 has been shipped. You will receive it soon.","Dear Mr. Barnes, your order #[REDACTED] has been shipped. You will receive it soon."
"The office will host a gardening day next month. Join us for some outdoor fun!","The office will host a gardening day next month. Join us for some outdoor fun!"
"Hi team, our next strategy session is scheduled for Friday at 3 PM.","Hi team, our next strategy session is scheduled for Friday at 3 PM."
"Dear Ms. Fisher, your account balance is now $200.00. Thank you for your payment.","Dear Ms. Fisher, your account balance is now $200.00. Thank you for your payment."
"The company will participate in the annual tech conference next month.","The company will participate in the annual tech conference next month."
"Hi everyone, please review the updated employee handbook attached.","Hi everyone, please review the updated employee handbook attached."
"Dear Mr. Morgan, your flight to Los Angeles on May 10th is confirmed. Have a great trip!","Dear Mr. Morgan, your flight to Los Angeles on May 10th is confirmed. Have a great trip!"
"The quarterly sales report is due next Friday. Please ensure all data is accurate.","The quarterly sales report is due next Friday. Please ensure all data is accurate."
"Hi team, please join us in welcoming our new marketing manager, Rachel Adams.","Hi team, please join us in welcoming our new marketing manager, Rachel Adams."
"Dear Ms. Griffin, your recent purchase of $120.00 has been processed.","Dear Ms. Griffin, your recent purchase of $120.00 has been processed."
"The office will host a wellness workshop next month. Details to follow.","The office will host a wellness workshop next month. Details to follow."
"Hi everyone, please find attached the agenda for the upcoming quarterly review.","Hi everyone, please find attached the agenda for the upcoming quarterly review."
"Dear Mr. Young, your account has been credited with a refund of $75.00.","Dear Mr. Young, your account has been credited with a refund of $75.00."
"The annual customer satisfaction survey will be distributed next week.","The annual customer satisfaction survey will be distributed next week."
"Hi team, the office will be closed for the Easter holiday on April 4th.","Hi team, the office will be closed for the Easter holiday on April 4th."
"Dear Ms. Cooper, your service request has been successfully completed.","Dear Ms. Cooper, your service request has been successfully completed."
"Please join us for a farewell party for David on his last day, Friday, March 12th.","Please join us for a farewell party for David on his last day, Friday, March 12th."
"The new project management software training session is scheduled for Tuesday at 2 PM.","The new project management software training session is scheduled for Tuesday at 2 PM."
"Hi team, the office will host a holiday decoration contest in December.","Hi team, the office will host a holiday decoration contest in December."
"Dear Mr. King, your payment of $350.00 has been successfully processed.","Dear Mr. King, your payment of $350.00 has been successfully processed."
"The company is launching a new recycling initiative next month.","The company is launching a new recycling initiative next month."
"Hi everyone, please find attached the latest customer feedback report.","Hi everyone, please find attached the latest customer feedback report."
"Dear Ms. Scott, your recent order #567890 has been shipped.","Dear Ms. Scott, your recent order #[REDACTED] has been shipped."
"The quarterly budget review meeting is scheduled for next Thursday at 11 AM.","The quarterly budget review meeting is scheduled for next Thursday at 11 AM."
"Hi team, please complete the attached survey on our new product launch.","Hi team, please complete the attached survey on our new product launch."
"Dear Mr. Diaz, your request for an account statement has been processed.","Dear Mr. Diaz, your request for an account statement has been processed."
"The office will be closed for Veterans Day on November 11th.","The office will be closed for Veterans Day on November 11th."
"Hi everyone, please ensure all travel expense reports are submitted by month-end.","Hi everyone, please ensure all travel expense reports are submitted by month-end."
"Dear Ms. Phillips, your payment of $400.00 has been received. Thank you.","Dear Ms. Phillips, your payment of $400.00 has been received. Thank you."
"The annual performance evaluation period will begin next month.","The annual performance evaluation period will begin next month."
"Hi team, please review the attached document before our next strategy meeting.","Hi team, please review the attached document before our next strategy meeting."
"Dear Mr. Myers, your subscription to our magazine has been renewed.","Dear Mr. Myers, your subscription to our magazine has been renewed."
"The company will host a community service day next month. Volunteers needed!","The company will host a community service day next month. Volunteers needed!"
"Hi everyone, the office will host a summer picnic at the beach on July 10th.","Hi everyone, the office will host a summer picnic at the beach on July 10th."
"Dear Ms. Simmons, your account balance is now $500.00. Thank you for your payment.","Dear Ms. Simmons, your account balance is now $500.00. Thank you for your payment."
"The quarterly financial report is due next Friday. Please ensure all figures are accurate.","The quarterly financial report is due next Friday. Please ensure all figures are accurate."
"Hi team, please join me in welcoming our new COO, Mr. Thompson.","Hi team, please join me in welcoming our new COO, Mr. Thompson."
"Dear Mr. Bailey, your order #654321 has been processed and will be shipped soon.","Dear Mr. Bailey, your order #[REDACTED] has been processed and will be shipped soon."
"The office will host a Halloween costume contest on October 31st.","The office will host a Halloween costume contest on October 31st."
"Hi everyone, please complete the attached feedback form about our recent event.","Hi everyone, please complete the attached feedback form about our recent event."
"Dear Ms. Hernandez, your recent purchase of $90.00 has been confirmed.","Dear Ms. Hernandez, your recent purchase of $90.00 has been confirmed."
"The company is updating its employee benefits package next month.","The company is updating its employee benefits package next month."
"Hi team, please submit your end-of-quarter reports by Friday.","Hi team, please submit your end-of-quarter reports by Friday."
"Dear Mr. Turner, your request for a replacement card has been processed.","Dear Mr. Turner, your request for a replacement card has been processed."
"The office will be closed for New Year's Eve on December 31st.","The office will be closed for New Year's Eve on December 31st."
"Hi everyone, please welcome our new IT support specialist, Jacob Brown.","Hi everyone, please welcome our new IT support specialist, Jacob Brown."
"Dear Ms. Long, your account has been updated successfully.","Dear Ms. Long, your account has been updated successfully."
"The company is introducing a new employee wellness program in May.","The company is introducing a new employee wellness program in May."
"Hi team, the office will be closed for Columbus Day on October 11th.","Hi team, the office will be closed for Columbus Day on October 11th."
"Dear Mr. Price, your refund of $60.00 has been processed successfully.","Dear Mr. Price, your refund of $60.00 has been processed successfully."
"The office will host a potluck lunch on November 20th. Please sign up to bring a dish.","The office will host a potluck lunch on November 20th. Please sign up to bring a dish."
"Hi everyone, please review the updated travel policy attached.","Hi everyone, please review the updated travel policy attached."
"Dear Ms. Jenkins, your service appointment is confirmed for April 22nd at 10 AM.","Dear Ms. Jenkins, your service appointment is confirmed for April 22nd at 10 AM."
"The company will participate in a charity walk next month. Join us!","The company will participate in a charity walk next month. Join us!"
"Hi team, please ensure all project deadlines are met by the end of the quarter.","Hi team, please ensure all project deadlines are met by the end of the quarter."
"Dear Mr. Cruz, your recent order of $150.00 has been shipped and will arrive soon.","Dear Mr. Cruz, your recent order of $150.00 has been shipped and will arrive soon."
"The office will host a blood donation drive on September 15th. Volunteers needed!","The office will host a blood donation drive on September 15th. Volunteers needed!"
"Hi everyone, please join us for a virtual coffee chat next Wednesday at 10 AM.","Hi everyone, please join us for a virtual coffee chat next Wednesday at 10 AM."
Original Text,Redacted Text
"Dear Mr. Collins, your payment of $75.00 has been received. Thank you.","Dear Mr. Collins, your payment of $75.00 has been received. Thank you."
"Hi team, please complete your timesheets by Friday at 5 PM.","Hi team, please complete your timesheets by Friday at 5 PM."
"The company will hold its annual general meeting next month.","The company will hold its annual general meeting next month."
"Dear Ms. Walker, your refund of $25.00 has been processed successfully.","Dear Ms. Walker, your refund of $25.00 has been processed successfully."
"Hi everyone, the new office stationery has arrived. Please collect yours from the supply room.","Hi everyone, the new office stationery has arrived. Please collect yours from the supply room."
"The quarterly earnings call will be held next Monday at 10 AM.","The quarterly earnings call will be held next Monday at 10 AM."
"Dear Mr. Martin, your application for the insurance policy has been approved.","Dear Mr. Martin, your application for the insurance policy has been approved."
"Hi team, the office will host a summer potluck lunch next Friday. Sign-up sheets are in the break room.","Hi team, the office will host a summer potluck lunch next Friday. Sign-up sheets are in the break room."
"The company is introducing a new flexible working hours policy starting next month.","The company is introducing a new flexible working hours policy starting next month."
"Dear Ms. Richardson, your order #12345 has been processed and will be shipped soon.","Dear Ms. Richardson, your order #[REDACTED] has been processed and will be shipped soon."
"Hi everyone, please review the updated security protocols attached.","Hi everyone, please review the updated security protocols attached."
"The office will host a game night on March 20th. Join us for some fun!","The office will host a game night on March 20th. Join us for some fun!"
"Dear Mr. Bryant, your payment of $200.00 has been successfully processed.","Dear Mr. Bryant, your payment of $200.00 has been successfully processed."
"The annual company awards ceremony will be held on April 15th.","The annual company awards ceremony will be held on April 15th."
"Hi team, please submit your nominations for Employee of the Month by Friday.","Hi team, please submit your nominations for Employee of the Month by Friday."
"Dear Ms. Porter, your subscription has been renewed for another year. Thank you for your continued support.","Dear Ms. Porter, your subscription has been renewed for another year. Thank you for your continued support."
"The office will be closed for the Thanksgiving holiday on November 26th and 27th.","The office will be closed for the Thanksgiving holiday on November 26th and 27th."
"Hi everyone, please find attached the new project guidelines for your review.","Hi everyone, please find attached the new project guidelines for your review."
"Dear Mr. Morris, your request for a credit limit increase has been approved.","Dear Mr. Morris, your request for a credit limit increase has been approved."
"The company will host a virtual town hall meeting next Tuesday.","The company will host a virtual town hall meeting next Tuesday."
"Hi team, please welcome our new sales associate, Sarah Lee.","Hi team, please welcome our new sales associate, Sarah Lee."
"Dear Ms. Kelly, your recent purchase of $100.00 has been processed successfully.","Dear Ms. Kelly, your recent purchase of $100.00 has been processed successfully."
"The quarterly budget meeting will be held on October 5th at 10 AM.","The quarterly budget meeting will be held on October 5th at 10 AM."
"Hi everyone, the office will be closed for the Presidents' Day holiday.","Hi everyone, the office will be closed for the Presidents' Day holiday."
"Dear Mr. Ross, your service contract has been renewed for another year.","Dear Mr. Ross, your service contract has been renewed for another year."
"Please find attached the minutes from the last team meeting for your review.","Please find attached the minutes from the last team meeting for your review."
"The company is launching a new employee referral program next month.","The company is launching a new employee referral program next month."
"Hi team, the office will host a winter holiday party on December 18th. Details to follow.","Hi team, the office will host a winter holiday party on December 18th. Details to follow."
"Dear Ms. Peterson, your refund of $50.00 has been processed. Thank you.","Dear Ms. Peterson, your refund of $50.00 has been processed. Thank you."
"The office will host a career development workshop next month.","The office will host a career development workshop next month."
"Hi everyone, please find attached the updated client list for your reference.","Hi everyone, please find attached the updated client list for your reference."
"Dear Mr. Brooks, your payment of $300.00 has been received. Thank you.","Dear Mr. Brooks, your payment of $300.00 has been received. Thank you."
"The quarterly performance review period will begin on September 1st.","The quarterly performance review period will begin on September 1st."
"Hi team, please ensure all project reports are submitted by the end of the month.","Hi team, please ensure all project reports are submitted by the end of the month."
"Dear Ms. Simmons, your account has been credited with a refund of $25.00.","Dear Ms. Simmons, your account has been credited with a refund of $25.00."
"The office will be closed for maintenance on August 10th. Please plan accordingly.","The office will be closed for maintenance on August 10th. Please plan accordingly."
"Hi everyone, the company will host a webinar on cybersecurity next Tuesday.","Hi everyone, the company will host a webinar on cybersecurity next Tuesday."
"Dear Mr. Stewart, your recent payment of $150.00 has been processed successfully.","Dear Mr. Stewart, your recent payment of $150.00 has been processed successfully."
"The office will host a family day event at the park on July 17th.","The office will host a family day event at the park on July 17th."
"Hi team, please review the attached project plan and provide your feedback.","Hi team, please review the attached project plan and provide your feedback."
"Dear Ms. Hughes, your order #67890 has been shipped. You will receive it soon.","Dear Ms. Hughes, your order #[REDACTED] has been shipped. You will receive it soon."
"The company is updating its health and safety policy next month.","The company is updating its health and safety policy next month."
"Hi everyone, please complete the attached feedback form by the end of the week.","Hi everyone, please complete the attached feedback form by the end of the week."
"Dear Mr. Foster, your payment of $500.00 has been successfully processed.","Dear Mr. Foster, your payment of $500.00 has been successfully processed."
"The office will be closed for the Christmas holiday on December 25th.","The office will be closed for the Christmas holiday on December 25th."
"Hi team, please join us for a virtual team-building exercise next Thursday at 3 PM.","Hi team, please join us for a virtual team-building exercise next Thursday at 3 PM."
"Dear Ms. Ward, your account balance is now $250.00. Thank you for your payment.","Dear Ms. Ward, your account balance is now $250.00. Thank you for your payment."
"The quarterly sales meeting is scheduled for next Wednesday at 9 AM.","The quarterly sales meeting is scheduled for next Wednesday at 9 AM."
"Hi everyone, please welcome our new customer service representative, Laura Adams.","Hi everyone, please welcome our new customer service representative, Laura Adams."
"Dear Mr. Bailey, your recent purchase of $180.00 has been confirmed.","Dear Mr. Bailey, your recent purchase of $180.00 has been confirmed."
"The company is launching a new community outreach program next month.","The company is launching a new community outreach program next month."
"Hi team, please review the attached document and submit your comments by Friday.","Hi team, please review the attached document and submit your comments by Friday."
"Dear Ms. Lee, your refund of $100.00 has been successfully processed.","Dear Ms. Lee, your refund of $100.00 has been successfully processed."
"The office will host a fitness challenge starting next month. Join us!","The office will host a fitness challenge starting next month. Join us!"
"Hi everyone, the company is organizing a blood donation drive on July 20th.","Hi everyone, the company is organizing a blood donation drive on July 20th."
"Dear Mr. Howard, your payment of $250.00 has been received. Thank you.","Dear Mr. Howard, your payment of $250.00 has been received. Thank you."
"The quarterly budget review is scheduled for next Thursday at 2 PM.","The quarterly budget review is scheduled for next Thursday at 2 PM."
"Hi team, please join us in welcoming our new HR coordinator, Mark Stevens.","Hi team, please join us in welcoming our new HR coordinator, Mark Stevens."
"Dear Ms. Wright, your service request has been successfully completed.","Dear Ms. Wright, your service request has been successfully completed."
"The company is implementing a new environmental policy starting next month.","The company is implementing a new environmental policy starting next month."
"Hi everyone, please complete the attached training module by the end of the month.","Hi everyone, please complete the attached training module by the end of the month."
Original Text,Redacted Text
"Hi team, please ensure all timesheets are submitted by Friday.","Hi team, please ensure all timesheets are submitted by Friday."
"The company will host a virtual holiday party on December 22nd.","The company will host a virtual holiday party on December 22nd."
"Dear Mr. Harrison, your payment of $50.00 has been received. Thank you.","Dear Mr. Harrison, your payment of $50.00 has been received. Thank you."
"Hi everyone, the office will be closed for staff training on Wednesday.","Hi everyone, the office will be closed for staff training on Wednesday."
"The annual customer appreciation event will be held next month.","The annual customer appreciation event will be held next month."
"Dear Ms. Mitchell, your order #345678 has been shipped. You will receive it soon.","Dear Ms. Mitchell, your order #[REDACTED] has been shipped. You will receive it soon."
"Hi team, please join us for a webinar on project management next Tuesday.","Hi team, please join us for a webinar on project management next Tuesday."
"Dear Mr. Owens, your account has been updated successfully.","Dear Mr. Owens, your account has been updated successfully."
"The company is implementing a new dress code policy starting next month.","The company is implementing a new dress code policy starting next month."
"Hi everyone, please find attached the latest version of the employee handbook.","Hi everyone, please find attached the latest version of the employee handbook."
"Dear Ms. Jenkins, your refund of $30.00 has been processed successfully.","Dear Ms. Jenkins, your refund of $30.00 has been processed successfully."
"The office will be closed for the Labor Day holiday on September 6th.","The office will be closed for the Labor Day holiday on September 6th."
"Hi team, please submit your expense reports by the end of the week.","Hi team, please submit your expense reports by the end of the week."
"Dear Mr. Nelson, your recent payment of $90.00 has been processed successfully.","Dear Mr. Nelson, your recent payment of $90.00 has been processed successfully."
"The company is launching a new employee wellness program in January.","The company is launching a new employee wellness program in January."
"Hi everyone, please welcome our new sales representative, Alex Roberts.","Hi everyone, please welcome our new sales representative, Alex Roberts."
"Dear Ms. Foster, your recent purchase of $120.00 has been confirmed.","Dear Ms. Foster, your recent purchase of $120.00 has been confirmed."
"The quarterly performance review period will begin next month.","The quarterly performance review period will begin next month."
"Hi team, please review the attached document and provide your feedback.","Hi team, please review the attached document and provide your feedback."
"Dear Mr. Turner, your account balance is now $400.00. Thank you for your payment.","Dear Mr. Turner, your account balance is now $400.00. Thank you for your payment."
"The office will host a summer picnic at the park on August 14th.","The office will host a summer picnic at the park on August 14th."
"Hi everyone, please complete the attached survey by the end of the week.","Hi everyone, please complete the attached survey by the end of the week."
"Dear Ms. Perry, your recent order #789012 has been processed and will be shipped soon.","Dear Ms. Perry, your recent order #[REDACTED] has been processed and will be shipped soon."
"The company will host a financial planning seminar next month.","The company will host a financial planning seminar next month."
"Hi team, please ensure all project milestones are met by Friday.","Hi team, please ensure all project milestones are met by Friday."
"Dear Mr. Coleman, your payment of $60.00 has been successfully processed.","Dear Mr. Coleman, your payment of $60.00 has been successfully processed."
"The office will be closed for the Independence Day holiday on July 4th.","The office will be closed for the Independence Day holiday on July 4th."
"Hi everyone, please welcome our new HR assistant, Emma Johnson.","Hi everyone, please welcome our new HR assistant, Emma Johnson."
"Dear Ms. Gray, your service request has been successfully completed.","Dear Ms. Gray, your service request has been successfully completed."
"The quarterly sales report is due next Friday. Please ensure all data is accurate.","The quarterly sales report is due next Friday. Please ensure all data is accurate."
"Hi team, please join us in congratulating David on his promotion to Senior Manager.","Hi team, please join us in congratulating David on his promotion to Senior Manager."
"Dear Mr. Adams, your account has been credited with a refund of $45.00.","Dear Mr. Adams, your account has been credited with a refund of $45.00."
"The office will host a holiday cookie exchange on December 21st.","The office will host a holiday cookie exchange on December 21st."
"Hi everyone, please review the updated project timeline attached.","Hi everyone, please review the updated project timeline attached."
"Dear Ms. Collins, your recent purchase of $75.00 has been processed successfully.","Dear Ms. Collins, your recent purchase of $75.00 has been processed successfully."
"The company is implementing a new remote work policy starting next month.","The company is implementing a new remote work policy starting next month."
"Hi team, please complete the attached training module by Friday.","Hi team, please complete the attached training module by Friday."
"Dear Mr. Carter, your payment of $150.00 has been received. Thank you.","Dear Mr. Carter, your payment of $150.00 has been received. Thank you."
"The office will host a blood donation drive on October 12th. Volunteers needed!","The office will host a blood donation drive on October 12th. Volunteers needed!"
"Hi everyone, please join us for a virtual team-building activity next Monday.","Hi everyone, please join us for a virtual team-building activity next Monday."
"Dear Ms. Scott, your account balance is now $500.00. Thank you for your payment.","Dear Ms. Scott, your account balance is now $500.00. Thank you for your payment."
"The company is launching a new community engagement program next month.","The company is launching a new community engagement program next month."
"Hi team, please review the attached policy update and acknowledge receipt.","Hi team, please review the attached policy update and acknowledge receipt."
"Dear Mr. Davis, your recent purchase of $100.00 has been confirmed.","Dear Mr. Davis, your recent purchase of $100.00 has been confirmed."
"The office will be closed for the Memorial Day holiday on May 31st.","The office will be closed for the Memorial Day holiday on May 31st."
"Hi everyone, please welcome our new marketing coordinator, Lisa Brown.","Hi everyone, please welcome our new marketing coordinator, Lisa Brown."
"Dear Ms. Ramirez, your refund of $75.00 has been successfully processed.","Dear Ms. Ramirez, your refund of $75.00 has been successfully processed."
"The quarterly financial report is due next Friday. Please ensure all figures are accurate.","The quarterly financial report is due next Friday. Please ensure all figures are accurate."
"Hi team, please join us for a virtual coffee chat next Wednesday at 10 AM.","Hi team, please join us for a virtual coffee chat next Wednesday at 10 AM."
"Dear Mr. Lee, your payment of $250.00 has been received. Thank you.","Dear Mr. Lee, your payment of $250.00 has been received. Thank you."
"The company will host a charity run next month. Join us to support a good cause!","The company will host a charity run next month. Join us to support a good cause!"
"Hi everyone, please find attached the new project guidelines for your review.","Hi everyone, please find attached the new project guidelines for your review."
"Dear Ms. Bennett, your account has been updated successfully.","Dear Ms. Bennett, your account has been updated successfully."
"The office will host a summer ice cream social on July 15th.","The office will host a summer ice cream social on July 15th."
"Hi team, please ensure all travel requests are submitted by the end of the week.","Hi team, please ensure all travel requests are submitted by the end of the week."
"Dear Mr. Bryant, your refund of $80.00 has been processed successfully.","Dear Mr. Bryant, your refund of $80.00 has been processed successfully."
"The company is updating its privacy policy next month. Please review the attached document.","The company is updating its privacy policy next month. Please review the attached document."
"Hi everyone, please welcome our new customer service manager, Robert Green.","Hi everyone, please welcome our new customer service manager, Robert Green."
"Dear Ms. Reed, your recent purchase of $200.00 has been processed successfully.","Dear Ms. Reed, your recent purchase of $200.00 has been processed successfully."
"The quarterly budget review meeting is scheduled for next Wednesday.","The quarterly budget review meeting is scheduled for next Wednesday."
"Hi team, please review the attached sales report and provide your feedback.","Hi team, please review the attached sales report and provide your feedback."
"Dear Mr. Thompson, your account balance is now $600.00. Thank you for your payment.","Dear Mr. Thompson, your account balance is now $600.00. Thank you for your payment."
"The office will be closed for the New Year's Day holiday on January 1st.","The office will be closed for the New Year's Day holiday on January 1st."
"Hi everyone, please join us in congratulating Rachel on her promotion to Senior Manager.","Hi everyone, please join us in congratulating Rachel on her promotion to Senior Manager."


